Date,In,UUID
2026-7-17,In,1234567890qwertyuiopasdfghjkl
2026-07-19T20:04:57.411Z,lost,00112233-4455-6677-8899-aabbccddeeff
2026-07-19T20:04:58.752Z,found,74278bda-b644-4520-8f0c-720eaf059935
2026-07-19T20:05:07.473Z,lost,74278bda-b644-4520-8f0c-720eaf059935
2026-07-19T20:05:15.820Z,found,0007114a-023e-0a4f-ca9f-30c7f83d1005
2026-07-19T20:05:25.053Z,lost,0007114a-023e-0a4f-ca9f-30c7f83d1005
2026-07-19T20:05:27.102Z,found,00112233-4455-6677-8899-aabbccddeeff
2026-07-19T20:05:38.367Z,lost,00112233-4455-6677-8899-aabbccddeeff
2026-07-19T20:06:07.859Z,found,580a0639-aa80-fa79-4a9c-bde1cf2e427f
2026-07-19T20:06:11.867Z,lost,580a0639-aa80-fa79-4a9c-bde1cf2e427f
2026-07-19T21:48:20.998Z,found,580a0639-aa80-fa79-4a9c-bde1cf2e427f
2026-07-19T21:48:24.267Z,lost,580a0639-aa80-fa79-4a9c-bde1cf2e427f
2026-07-19T21:48:29.181Z,found,00914e33-9fa0-d7d2-5e4f-ae6e58931005
2026-07-19T21:48:31.288Z,found,00924e84-7769-291e-73b9-601ba4881005
2026-07-19T21:48:34.212Z,lost,00914e33-9fa0-d7d2-5e4f-ae6e58931005
2026-07-19T21:48:35.329Z,lost,00924e84-7769-291e-73b9-601ba4881005
2026-07-19T21:56:22.908Z,found,ee030711-0697-31bd-194f-b7f8c955af14
2026-07-19T21:56:27.815Z,lost,ee030711-0697-31bd-194f-b7f8c955af14
2026-07-19T22:03:59.216Z,found,00e700ed-b179-dfe7-210f-a333fb4f1005
2026-07-19T22:04:07.195Z,found,08e800c7-a716-03ad-d7ab-5525a3c31005
2026-07-19T22:04:10.269Z,lost,00e700ed-b179-dfe7-210f-a333fb4f1005
2026-07-19T22:04:17.026Z,found,08e90072-e2a9-1640-d339-a5ef86a91005
2026-07-19T22:04:19.066Z,lost,08e800c7-a716-03ad-d7ab-5525a3c31005
2026-07-19T22:04:30.338Z,found,08ea009a-8aa8-5564-9809-c82ee7f91005
2026-07-19T22:04:32.387Z,lost,08e90072-e2a9-1640-d339-a5ef86a91005
2026-07-19T22:04:36.892Z,found,08eb0015-6b9e-8627-c5a7-a8703c241005
2026-07-19T22:04:38.941Z,lost,08ea009a-8aa8-5564-9809-c82ee7f91005
2026-07-19T22:04:44.265Z,found,08ec00fd-abc7-326c-bd34-7b68983c1005
2026-07-19T22:04:45.704Z,lost,08eb0015-6b9e-8627-c5a7-a8703c241005
2026-07-19T22:04:52.459Z,found,08ed009f-e341-daae-2075-a8e01d151005
2026-07-19T22:04:54.504Z,lost,08ec00fd-abc7-326c-bd34-7b68983c1005
2026-07-19T22:05:16.830Z,found,08ee00a9-6286-6e4f-266b-976ba96b1005
2026-07-19T22:05:18.878Z,lost,08ed009f-e341-daae-2075-a8e01d151005
2026-07-19T22:05:32.395Z,found,08ef00b6-8d05-caab-417a-618ea02c1005
2026-07-19T22:05:35.675Z,lost,08ee00a9-6286-6e4f-266b-976ba96b1005
2026-07-19T22:05:41.192Z,found,08f00032-553b-97f8-da20-862b07d41005
2026-07-19T22:05:44.364Z,lost,08ef00b6-8d05-caab-417a-618ea02c1005
2026-07-19T22:05:48.968Z,found,08f10022-9fc7-920f-0881-1d12c4981005
2026-07-19T22:05:51.014Z,lost,08f00032-553b-97f8-da20-862b07d41005
2026-07-19T22:06:03.499Z,found,08f20019-666a-74eb-333a-c4ee7b7a1005
2026-07-19T22:06:06.589Z,lost,08f10022-9fc7-920f-0881-1d12c4981005
2026-07-19T22:06:11.385Z,found,08f30017-3dd6-da91-0d12-1fe6953d1005
2026-07-19T22:06:13.389Z,lost,08f20019-666a-74eb-333a-c4ee7b7a1005
2026-07-19T22:06:15.608Z,found,08f400eb-79e4-990a-d3da-3a0434e81005
2026-07-19T22:06:17.639Z,lost,08f30017-3dd6-da91-0d12-1fe6953d1005
2026-07-19T22:06:20.437Z,found,00f70007-86f6-1dd1-c03d-ae13f8f81005
2026-07-19T22:06:22.280Z,lost,08f400eb-79e4-990a-d3da-3a0434e81005
2026-07-19T22:06:23.391Z,found,00f80014-4dde-6baf-3915-a445ff9a1005
2026-07-19T22:06:26.671Z,lost,00f70007-86f6-1dd1-c03d-ae13f8f81005
2026-07-19T22:06:26.674Z,found,00f90021-03e7-92b0-d531-f6f2c9d11005
2026-07-19T22:06:28.736Z,lost,00f80014-4dde-6baf-3915-a445ff9a1005
2026-07-19T22:06:36.703Z,found,00fa0028-6ff0-a883-e85f-55858b661005
2026-07-19T22:06:38.751Z,lost,00f90021-03e7-92b0-d531-f6f2c9d11005
2026-07-19T22:06:40.986Z,lost,00fa0028-6ff0-a883-e85f-55858b661005
2026-07-19T22:09:15.141Z,found,00112233-4455-6677-8899-aabbccddeeff
2026-07-19T22:09:23.124Z,lost,00112233-4455-6677-8899-aabbccddeeff
